Perguntas;Consulta;Grupo;Subgrupo;Codigo;Pagina;Pagina2;Visualizacao;Usuario
0;Inicial;Inicial;Inicial;NAO;Inicial;N/A;0;0
0;Especial;Especial;Especial;NAO;especial;N/A;0;0
2;Adversário;Adversario;Adversario;NAO;adversario;mostra_adversario;0;0
3;Árbitro;Arbitro;Arbitro;NAO;arbitro;mostra_arbitro;0;0
4;Estádio;Estadio;Estadio;NAO;estadio;mostra_estadio;0;0
5;Campeonato;Campeonato;Campeonato;NAO;campeonato;mostra_campeonato;0;0
6;Jogador;Jogador;Jogador;NAO;jogador;mostra_jogador;0;0
7;Técnico;Tecnico;Tecnico;NAO;tecnico;mostra_tecnico;0;0
8;Jogo;Jogo;Jogo;NAO;jogo;mostra_jogo;0;0
9;Geral;Geral;Geral;NAO;geral;N/A;0;0
10;Curiosidades;Curiosidades;Curiosidades;NAO;curiosidade;N/A;0;0
11;Contato;Contato;Contato;NAO;contato;fale_conosco;0;0
12;Créditos;Creditos;Creditos;NAO;credito;N/A;0;0
14;Camisa;Camisa;Camisa;NAO;camisa;N/A;0;0
15;Todas as Camisas;Camisa;Camisa;400000000;todas_camisas;mostra_camisa;0;0
16;Camisa ano a ano;Camisa;Camisa;400001000;consulta_camisa;mostra_camisa;0;0
17;Camisa em Clássico;Camisa;Adversario;400345000;consulta_camisa;mostra_camisa;0;0
18;Camisa em campeonato;Camisa;Campeonato;400103000;consulta_camisa;mostra_camisa;0;0
19;Camisa em estádio;Camisa;Estadio;400102000;consulta_camisa;mostra_camisa;0;0
20;Camisa contra adversário;Camisa;Adversario;400100000;consulta_camisa;mostra_camisa;0;0
21;Camisa por ano;Camisa;Camisa;400106000;consulta_camisa;mostra_camisa;0;0
22;Camisa e jogador;Camisa;Jogador;400104000;consulta_camisa;mostra_camisa;0;0
23;Sequência de camisa;Camisa;Sequência;400300000;consulta_camisa;mostra_sequencia2;0;0
24;Frequência de placar por camisa;Camisa;Frequência;400500000;consulta_camisa;resultado_camisa;0;0
25;Aproveitamento de pontos por camisa;Camisa;Camisa;400600000;mostra_camisa2;N/A;0;0
26;Camisa por tipo;Camisa;Camisa;400201000;consulta_camisa;mostra_camisa;0;0
27;Camisa por fornecedor;Camisa;Camisa;400125000;consulta_fornecedor;mostra_fornecedor;0;0
28;Patrocínio;Camisa;Camisa;400130000;consulta_patrocinio;mostra.patrocinio;0;0
29;Grafico;Gráfico;Gráfico;NAO;consulta_grafico;N/A;0;0
30;Artilheiros;;;NAO;N/A;N/A;0;0
31;Maiores Artilheiros;Gráfico;Artilheiros;500;grafico_artilheiro;N/A;0;0
32;Maiores Artilheiros contra adversário;Gráfico;Artilheiros;200;grafico_adversario;N/A;0;0
33;Maiores Artilheiros em estádio;Gráfico;Artilheiros;202;grafico_estadio;N/A;0;0
34;Maiores Artilheiros em campeonato;Gráfico;Artilheiros;203;grafico_campeonato;N/A;0;0
35;Maiores Artilheiros por ano;Gráfico;Artilheiros;515;grafico_artilheiro;N/A;0;0
36;Maiores Artilheiros anuais;Gráfico;Artilheiros;510;grafico_artilheiro;N/A;0;0
37;Principais Artilheiros ano a ano;Gráfico;Artilheiros;512;grafico_artilheiro;N/A;0;0
38;Mais vezes Artilheiros anuais;Gráfico;Artilheiros;511;grafico_artilheiro;N/A;0;0
39;Maior Artilheiro em 1 campeonato;Gráfico;Artilheiros;517;grafico_campeonato;N/A;0;0
40;Artilheiro - adversario - campeonato - estádio;Gráfico;Artilheiros;169;grafico_adversario;N/A;0;0
41;Artilheiro contra adversario em campeonato;Gráfico;Artilheiros;160;grafico_adversario;N/A;0;0
42;Artilheiro em estádio em campeonato;Gráfico;Artilheiros;162;grafico_estadio;N/A;0;0
43;Artilheiros Século XX;Gráfico;Artilheiros;561;grafico_artilheiro;N/A;0;0
44;Artilheiros Século XXI;Gráfico;Artilheiros;562;grafico_artilheiro;N/A;0;0
45;Artilheiros Jogos Oficiais;Gráfico;Artilheiros;563;grafico_artilheiro;N/A;0;0
46;Artilharia Média;Gráfico;Artilheiros;606;grafico_artilheiro;N/A;0;0
47;Wordcloud Artilheiros;Gráfico;Artilheiros;607;grafico_artilheiro;N/A;0;0
48;Multilinha Artilheiros por ano;Gráfico;Artilheiros;608;grafico_artilheiro;N/A;0;0
49;Multilinha Combinado de artilheiros por ano;Gráfico;Artilheiros;628;grafico_artilheiro;N/A;0;0
51;Assistências Relações;Gráfico;Assistencia;598;grafico_assistencia;N/A;0;0
52;Assistências Conexões;Gráfico;Assistencia;599;grafico_assistencia;N/A;0;0
53;Melhores Duplas;Gráfico;Assistencia;601;grafico_assistencia;N/A;0;0
54;Melhores Duplas - Bubbles;Gráfico;Assistencia;623;grafico_assistencia;N/A;0;0
55;Melhores Assistentes;Gráfico;Assistencia;624;grafico_assistencia;N/A;0;0
57;Quem mais jogou;Gráfico;Presença;501;grafico_artilheiro;N/A;0;0
58;Mais jogos contra adversário;Gráfico;Presença;300;grafico_adversario;N/A;0;0
59;Mais jogos em campeonato;Gráfico;Presença;303;grafico_campeonato;N/A;0;0
60;Mais jogos em estádio;Gráfico;Presença;302;grafico_estadio;N/A;0;0
61;Mais jogos contra adversário em campeonato;Gráfico;Presença;170;grafico_adversario;N/A;0;0
62;Mais jogou em estádio em campeonato;Gráfico;Presença;172;grafico_estadio;N/A;0;0
63;Estrangeiros que mais atuaram;Gráfico;Presença;420;grafico_artilheiro;N/A;0;0
64;Substituição por ano;Gráfico;Presença;630;grafico_artilheiro;N/A;0;0
65;Substituição por jogador;Gráfico;Presença;631;grafico_jogador;N/A;0;0
66;Minutagem por ano;Gráfico;Presença;632;grafico_artilheiro;N/A;0;0
67;Minutagem por passagem de técnico;Gráfico;Presença;633;grafico_tecpart;N/A;0;0
68;Minutagem por campeonato;Gráfico;Presença;634;grafico_campeonato;N/A;0;0
70;Distribuição de Gols;Gráfico;Gols;120;grafico_jogador;N/A;0;0
71;Gols de jogadores por ano;Gráfico;Gols;154;grafico_jogador;N/A;0;0
72;Gols de jogadores nos campeonatos;Gráfico;Gols;164;grafico_jogador;N/A;0;0
73;Gols de jogadores nos estádios;Gráfico;Gols;174;grafico_jogador;N/A;0;0
74;Gols de jogadores por adversário;Gráfico;Gols;184;grafico_jogador;N/A;0;0
75;Distribuição Tipo de gol por ano;Gráfico;Gols;609;grafico_artilheiro;N/A;0;0
76;Mais jogos sem sofrer gols;Gráfico;Gols;950;grafico_artilheiro;N/A;0;0
77;Melhores média de gols sofridos;Gráfico;Gols;951;grafico_artilheiro;N/A;0;0
78;Gols sofridos nos campeonatos;Gráfico;Gols;903;grafico_goleiro;N/A;0;0
79;Gols sofridos nos estádios;Gráfico;Gols;902;grafico_goleiro;N/A;0;0
80;Gols sofridos por adversário;Gráfico;Gols;900;grafico_goleiro;N/A;0;0
81;Gols sofridos por ano;Gráfico;Gols;954;grafico_goleiro;N/A;0;0
82;Multilinha Tipo de gol por ano;Gráfico;Gols;610;grafico_artilheiro;N/A;0;0
83;Tipo de Gol por ano - Gráfico de Linha;Gráfico;Gols;611;grafico_artilheiro;N/A;0;0
84;Tipo de Gol Combinado;Gráfico;Gols;626;grafico_assistencia;N/A;0;0
147;Consistência de gols no ano;Gráfico;Gols;635;grafico_artilheiro;N/A;0;0
86;Flu x Times do Sudeste;Gráfico;Adversario;800;grafico_artilheiro;N/A;0;0
87;Flu x Times Internacionais;Gráfico;Adversario;801;grafico_artilheiro;N/A;0;0
88;Flu x Times do Nordeste;Gráfico;Adversario;802;grafico_artilheiro;N/A;0;0
89;Flu x Times do Sul;Gráfico;Adversario;803;grafico_artilheiro;N/A;0;0
90;Flu x Times do Norte;Gráfico;Adversario;804;grafico_artilheiro;N/A;0;0
91;Flu x Times do Centro Oeste;Gráfico;Adversario;805;grafico_artilheiro;N/A;0;0
92;Evolução de vitórias por adversário;Gráfico;Adversario;587;grafico_evolucao;N/A;0;0
93;Adversário - Pizza;Gráfico;Adversario;605;grafico_adversario;N/A;0;0
94;Adversário;Gráfico;Adversario;100;grafico_adversario;N/A;0;0
95;Gráfico por ano - Clássicos;Gráfico;Adversario;107;grafico_ano;N/A;0;0
148;Evolução - saldo de vitórias por adversário;Gráfico;Adversario;587;grafico_evolucao;N/A;0;0
97;Quem mais treinou;Gráfico;Tecnico;502;grafico_artilheiro;N/A;0;0
98;Mais passagens como técnico;Gráfico;Tecnico;503;grafico_artilheiro;N/A;0;0
99;Mais treinou em campeonato;Gráfico;Tecnico;403;grafico_campeonato;N/A;0;0
100;Mais treinou em estádio;Gráfico;Tecnico;402;grafico_estadio;N/A;0;0
101;Mais treinou contra adversario;Gráfico;Tecnico;400;grafico_adversario;N/A;0;0
102;Quem mais atuou com técnico;Gráfico;Tecnico;305;grafico_tecnico;N/A;0;0
103;Técnicos com mais participações em campeonato;Gráfico;Tecnico;516;grafico_campeonato;N/A;0;0
104;Técnicos com melhor aproveitamento em campeonato;Gráfico;Tecnico;518;grafico_campeonato;N/A;0;0
105;Técnico;Gráfico;Tecnico;105;grafico_tecnico;N/A;0;0
107;Colocação em Campeonato;Gráfico;Campeonato;108;grafico_colocacao;N/A;0;0
108;Posições por ano (Brasileirão);Gráfico;Campeonato;532;grafico_artilheiro;N/A;0;0
109;Evolução de Pontos Brasileirão;Gráfico;Campeonato;595;grafico_artilheiro;N/A;0;0
110;Pontos Brasileirão;Gráfico;Campeonato;596;grafico_artilheiro;N/A;0;0
111;Posição Brasileirão;Gráfico;Campeonato;597;grafico_artilheiro;N/A;0;0
112;Evolução de Posições Brasileirão;Gráfico;Campeonato;604;grafico_assistencia;N/A;0;0
113;Campeonato;Gráfico;Campeonato;103;grafico_campeonato;N/A;0;0
114;Estádio;Gráfico;Estadio;102;grafico_estadio;N/A;0;0
115;Distâncias;Gráfico;Estadio;439;grafico_assistencia;N/A;0;0
116;Posições Brasileiro Ano Inicio-Fim;Gráfico;Campeonato;625;grafico_artilheiro;N/A;0;0
117;Posições Brasileiro Combinadas;Gráfico;Campeonato;627;grafico_artilheiro;N/A;0;0
118;Evolução de Pontos Brasileirão Combinada;Gráfico;Campeonato;629;grafico_artilheiro;N/A;0;0
120;Árbitro;Gráfico;Arbitro;101;grafico_arbitro;N/A;0;0
121;Cartões por Árbitro - Waffle;Gráfico;Arbitro;612;grafico_arbitro;N/A;0;0
122;Cartões por Árbitro - Barra;Gráfico;Arbitro;613;grafico_arbitro;N/A;0;0
123;Resumo de Árbitro;Gráfico;Arbitro;614;grafico_arbitro;N/A;0;0
124;Dashboard de Árbitro;Gráfico;Arbitro;619;grafico_arbitro;N/A;0;0
126;Maiores Públicos;Gráfico;Publico;600;grafico_artilheiro;N/A;0;0
127;Distribuição de público - Boxplot;Gráfico;Publico;602;grafico_assistencia;N/A;0;0
128;Distribuição de público - Violinplot;Gráfico;Publico;603;grafico_assistencia;N/A;0;0
129;Distribuição de público Mandante - Boxplot;Gráfico;Publico;615;grafico_assistencia;N/A;0;0
130;Distribuição de público Mandante - Violinplot;Gráfico;Publico;616;grafico_assistencia;N/A;0;0
131;Distribuição de público Visitante - Boxplot;Gráfico;Publico;617;grafico_assistencia;N/A;0;0
132;Distribuição de público Visitante - Violinplot;Gráfico;Publico;618;grafico_artilheiro;N/A;0;0
133;Distribuição de Público por ano;Gráfico;Publico;620;grafico_assistencia;N/A;0;0
134;Distribuição de Público por ano - Violinplot;Gráfico;Publico;622;grafico_assistencia;N/A;0;0
135;Distribuição de Público Histograma;Gráfico;Publico;621;grafico_assistencia;N/A;0;0
137;Jogador;Gráfico;Jogador;104;grafico_jogador;N/A;0;0
138;Geral;Gráfico;Geral;106;grafico_geral;N/A;0;0
139;Fluminense ano a ano;Gráfico;Geral;513;grafico_artilheiro;N/A;0;0
140;Fluminense ano a ano - Gols;Gráfico;Geral;514;grafico_artilheiro;N/A;0;0
141;Heatmap de resultados por dia;Gráfico;Geral;588;grafico_heatmap;N/A;0;0
142;Heatmap de resultados por mês;Gráfico;Geral;589;grafico_heatmap;N/A;0;0
143;Heatmap de resultados por dia/mês;Gráfico;Geral;591;grafico_heatmap;N/A;0;0
144;Heatmap de gols por dia;Gráfico;Geral;592;grafico_heatmap;N/A;0;0
145;Heatmap de gols por mês;Gráfico;Geral;593;grafico_heatmap;N/A;0;0
146;Heatmap de gols por dia/mês;Gráfico;Geral;594;grafico_heatmap;N/A;0;0
151;Especiais;Especiais;Especiais;N/A;consulta_especial;N/A;0;0
153;Adversario x Arbitro;Especiais;Adversario;100101000;consulta_especial;mostra_especial;0;0
154;Adversario x Estádio;Especiais;Adversario;100102000;consulta_especial;mostra_especial;0;0
155;Adversário em campeonato;Especiais;Adversario;100103000;consulta_especial;mostra_especial;0;0
156;Adversário x Jogador;Especiais;Adversario;100104000;consulta_especial;mostra_especial;0;0
157;Adversário x Técnico;Especiais;Adversario;100105000;consulta_especial;mostra_especial;0;0
158;Adversário do mesmo país;Especiais;Adversario;200000000;consulta_espadv;mostra_espadv2;0;0
159;Adversário do mesmo estado;Especiais;Adversario;201000000;consulta_espadv;mostra_espadv2;0;0
160;Adversário do mesmo estado em campeonato;Especiais;Adversario;201103000;consulta_espadv;mostra_espadv2;0;0
161;Adversários Internacionais;Especiais;Adversario;202000000;mostra_espadv;N/A;0;0
162;Adversário em campeonato x Estádio;Especiais;Adversario;100103102;consulta_especial;mostra_especial;0;0
163;Adversário por ano;Especiais;Adversario;106100000;consulta_espadv;mostra_espadv2;0;0
164;Adversários em vantagem;Especiais;Adversario;203000000;consulta_espadv;mostra_adversario;0;0
165;Principais Adversários;Especiais;Adversario;250000000;consulta_prinadv;mostra_prinadv;0;0
166;Principais Adversários em campeonato;Especiais;Adversario;250103000;consulta_prinadv;mostra_prinadv;0;0
167;Principais Adversários em estádio;Especiais;Adversario;250102000;consulta_prinadv;mostra_prinadv;0;0
168;Todos os jogos contra adversário;Especiais;Adversario;100999000;consulta_especial;mostra_todos;0;0
169;Lista de adversários por estado;Especiais;Adversario;201150000;consulta_espadv;mostra_espadv2;0;0
170;Lista de adversários por país;Especiais;Adversario;200150000;consulta_espadv;mostra_espadv2;0;0
171;Mais penalties contra o Fluminense;Especiais;Adversario;210000000;mostra_penalti;N/A;0;0
172;Mais penalties a favor do Fluminense;Especiais;Adversario;211000000;mostra_penalti;N/A;0;0
173;Mais penaties convertidos pelo Fluminense;Especiais;Adversario;212000000;mostra_penalti;N/A;0;0
174;Mais penalties perdidos pelo Fluminense;Especiais;Adversario;213000000;mostra_penalti;N/A;0;0
175;Disputa de penalty por adversário;Especiais;Adversario;100290000;consulta_disputa;mostra_disputa;0;0
176;Cartões contra adversário;Especiais;Adversario;100289000;consulta_cartao;N/A;0;0
177;Consulta adversário em tempo determinado;Especiais;Adversario;100450000;consulta_especial;mostra_advtempo;0;0
178;Últimos jogos - Adversário;Especiais;Adversario;100451000;consulta_especial;mostra_especial;0;0
179;Adversários do mesmo país em campeonato;Especiais;Adversario;NAO;consulta_paiscamp;mostra_paiscamp;0;0
180;Data dos jogos de adversário por ano;Especiais;Adversario;100452000;consulta_especial;mostra_especial;0;0
181;Adversários que mais jogamos;Especiais;Adversario;NAO;mostra_advmais;N/A;0;0
182;Todos os jogos contra adversário em campeonato;Especiais;Adversario;100103999;consulta_especial;mostra_especial;0;0
183;Mascotes;Especiais;Adversario;NAO;consulta_mascote;mostra_mascote;0;0
184;Adversários em campeonato como mandante;Especiais;Adversario;100153000;consulta_especial;mostra_especial;0;0
185;Adversários em campeonato como visitante;Especiais;Adversario;100163000;consulta_especial;mostra_especial;0;0
186;Adversários - Quantidade de cores;Especiais;Adversario;720001000;consulta_cores;mostra_cor;0;0
187;Adversários por cor;Especiais;Adversario;720002000;consulta_cores;mostra_cor;0;0
188;Adversários por cor - período;Especiais;Adversario;720003000;consulta_cores;mostra_cor;0;0
189;Evolução por adversário;Especiais;Adversario;100358000;consulta_especial;evolucao_adversario;0;0
392;Saldo de placar contra adversário;Especiais;Adversario;915100000;generico_adversario;saldo_placar;0;0
191;Árbitro x Adversário;Especiais;Arbitro;101100000;consulta_especial;mostra_especial;0;0
192;Árbitro x Estádio;Especiais;Arbitro;101102000;consulta_especial;mostra_especial;0;0
193;Árbitro em campeonato;Especiais;Arbitro;101103000;consulta_especial;mostra_especial;0;0
194;Árbitro x Jogador;Especiais;Arbitro;101104000;consulta_especial;mostra_especial;0;0
195;Árbitro x Técnico;Especiais;Arbitro;101105000;consulta_especial;mostra_especial;0;0
196;Últimos jogos Árbitro;Especiais;Arbitro;101451000;consulta_especial;arbitro_todos;0;0
197;Jogos de Árbitro por ano;Especiais;Arbitro;101452000;consulta_especial;mostra_especial;0;0
198;Árbitros do mesmo país;Especiais;Arbitro;210000000;consulta_espadv;mostra_espadv2;0;0
199;Árbitros que mais apitaram;Especiais;Arbitro;NAO;mostra_arbitromais;N/A;0;0
200;Todos os jogos de Árbitro;Especiais;Arbitro;101999000;consulta_especial;arbitro_todos;0;0
201;Árbitros por ano;Especiais;Arbitro;106101000;consulta_espadv;mostra_espadv2;0;0
202;Lista de árbitros do mesmo país;Especiais;Arbitro;210150000;consulta_espadv;mostra_espadv2;0;0
203;Média de cartão por árbitro;Especiais;Arbitro;NAO;mostra_arbcartao;N/A;0;0
204;Melhor/Pior aproveitamento por árbitro;Especiais;Arbitro;NAO;mostra_arbapr;N/A;0;0
205;Consulta árbitro em tempo determinado;Especiais;Arbitro;101528000;consulta_tempo;mostra_tempodet;0;0
207;Estádio x Adversário;Especiais;Estadio;102100000;consulta_especial;mostra_especial;0;0
208;Estádio x Árbitro;Especiais;Estadio;102101000;consulta_especial;mostra_especial;0;0
209;Estádio em campeonato;Especiais;Estadio;102103000;consulta_especial;mostra_especial;0;0
210;Estádio x Jogador;Especiais;Estadio;102104000;consulta_especial;mostra_especial;0;0
211;Estádio x Técnico;Especiais;Estadio;102105000;consulta_especial;mostra_especial;0;0
212;Últimos jogos em estádio;Especiais;Estadio;102451000;consulta_estadio;estadio_todos;0;0
213;Estádio em que mais jogamos;Especiais;Estadio;NAO;mostra_estadiomais;N/A;0;0
214;Todos os jogos em estádio;Especiais;Estadio;102999000;consulta_estadio;estadio_todos;0;0
215;Jogos em estádio por ano;Especiais;Estadio;102452000;consulta_estadio;estadio_todos;0;0
216;Consulta estádio em tempo determinado;Especiais;Estadio;102528000;consulta_tempo;mostra_tempodet;0;0
217;Geolocalização dos estádios;Especiais;Estadio;102010000;geolocalizacao;N/A;0;0
218;Curiosidades dos estádios;Especiais;Estadio;NAO;estadio_curiosidade;N/A;0;0
562;Saldo de placar em estádio;Especiais;Estadio;102472000;consulta_campeonato;saldo_placar_est;0;0
220;Campeonato x Adversário;Especiais;Campeonato;103100000;consulta_especial;mostra_especial;0;0
221;Campeonato x Árbitro;Especiais;Campeonato;103101000;consulta_especial;mostra_especial;0;0
222;Campeonato x Estádio;Especiais;Campeonato;103102000;consulta_especial;mostra_especial;0;0
223;Campeonato x Jogador;Especiais;Campeonato;103104000;consulta_especial;mostra_especial;0;0
224;Campeonato x Técnico;Especiais;Campeonato;103105000;consulta_especial;mostra_especial;0;0
225;Últimos jogos em campeonato;Especiais;Campeonato;103451000;consulta_campeonato;estadio_todos;0;0
226;Consulta Apelido campeonato(subcampeonato);Especiais;Campeonato;NAO;consulta_subcampeonato;mostra_subcampeonato;0;0
227;Melhor/Pior Defesa/Ataque em campeonato;Especiais;Campeonato;103700000;consulta_campeonato;ataque_defesa;0;0
228;Estréia em campeonato;Especiais;Campeonato;103701000;consulta_campeonato;lista_camp;0;0
229;Títulos por campeonato;Especiais;Campeonato;103702000;consulta_campeonato;lista_camp;0;0
230;Títulos por ano;Especiais;Campeonato;106710000;consulta_campano;lista_camp;0;0
231;Campeonatos por ano;Especiais;Campeonato;106720000;consulta_campano;lista_camp;0;0
232;Todos os jogos em campeonato;Especiais;Campeonato;103999000;consulta_campeonato;estadio_todos;0;0
233;Cartões em campeonato;Especiais;Campeonato;103550000;consulta_campeonato;campeonato_cartao;0;0
234;Estados de árbitro em campeonato;Especiais;Campeonato;103590000;consulta_campeonato;campeonato_arbestado;0;0
235;Gols por minuto em campeonato;Especiais;Campeonato;103777000;consulta_campeonato;mostra_gols_minuto_camp;0;0
236;Gols em campeonato;Especiais;Campeonato;103877000;consulta_campeonato;golscamp;0;0
237;Consulta Campeonato em tempo determinado;Especiais;Campeonato;103528000;consulta_tempo;mostra_tempodet;0;0
238;Var em campeonatos;Especiais;Campeonato;902000000000;generico_campeonato;var_campeonato;0;0
561;Saldo de placar em campeonato;Especiais;Campeonato;103897000;consulta_campeonato;saldo_placar_camp;0;0
241;Artiheiros;Especiais;Artilheiros;900000000000;mostra_ranking;N/A;0;0
242;Artiheiros contra adversário;Especiais;Artilheiros;900100000000;consulta_ranking;mostra_rkg;0;0
243;Artilheiros em campeonato;Especiais;Artilheiros;900103000000;consulta_ranking;mostra_rkg;0;0
244;Artilheiros em estádio;Especiais;Artilheiros;900102000000;consulta_ranking;mostra_rkg;0;0
245;Maiores artilheiros em 1 campeonato;Especiais;Artilheiros;900107000000;consulta_ranking;mostra_rkg;0;0
246;Artilheiros anuais;Especiais;Artilheiros;902000000000;mostra_ranking;N/A;0;0
247;20 maiores artilheiros anuais;Especiais;Artilheiros;903000000000;mostra_ranking;N/A;0;0
248;Mais vezes artilheiros anuais;Especiais;Artilheiros;904000000000;mostra_ranking;N/A;0;0
249;Maior artilheiro em 1 partida;Especiais;Artilheiros;905000000000;mostra_ranking;N/A;0;0
250;Artilheiros ano a ano;Especiais;Artilheiros;900106000000;consulta_ranking;mostra_rkg;0;0
251;Artiheiros contra adversário em campeonato;Especiais;Artilheiros;900100103000;consulta_ranking;mostra_rkg;0;0
252;Artiheiros contra adversário em campeonato em estádio;Especiais;Artilheiros;900100103102;consulta_ranking;mostra_rkg;0;0
253;Gols de jogadores por ano;Especiais;Gols;268106000;consulta_jogador;mostra_jogador_gols;0;0
254;Gols de jogadores por adversário;Especiais;Gols;268100000;consulta_jogador;mostra_jogador_gols;0;0
255;Gols de jogadores por campeonato;Especiais;Gols;268103000;consulta_jogador;mostra_jogador_gols;0;0
256;Gols de jogadores por estádio;Especiais;Gols;268102000;consulta_jogador;mostra_jogador_gols;0;0
257;Estrangeiros que mais marcaram;Especiais;Artilheiros;800801000000;mostra_ranking;N/A;0;0
258;Artilheiro em estádio em campeonato;Especiais;Artilheiros;102103900;consulta_especial;jogestcamp;0;0
259;Artilheiros do século;Especiais;Artilheiros;900900000000;mostra_ranking;N/A;0;0
260;Artilharia em jogos oficiais;Especiais;Artilheiros;900910000000;mostra_ranking;N/A;0;0
261;Artilharia por temporada;Especiais;Artilheiros;900126000000;consulta_ranking;mostra_rkg;0;0
262;Jogadores com hat-trick;Especiais;Gols;750000000000;consulta_hattrick;N/A;0;0
263;Melhores média de gols;Especiais;Gols;650000000000;melhores_media_gols;N/A;0;0
264;Artilheiros estrangeiros em 1 temporada;Especiais;Artilheiros;830000000000;estrangeiro_temporada;N/A;0;0
265;Artilheiros mais novos;Especiais;Artilheiros;661000000000;idades;N/A;0;0
266;Artilheiros mais velhos;Especiais;Artilheiros;662000000000;idades;N/A;0;0
267;Artilheiros mais novos Século XX;Especiais;Artilheiros;661020000000;idades;N/A;0;0
268;Artilheiros mais novos Século XXI;Especiais;Artilheiros;661021000000;idades;N/A;0;0
269;Artilheiros mais velhos Século XX;Especiais;Artilheiros;662020000000;idades;N/A;0;0
270;Artilheiros mais velhos Século XXI;Especiais;Artilheiros;662021000000;idades;N/A;0;0
565;Maiores artilheiros no 1º tempo;Especiais;Artilheiros;663000000000;gols_tempo;N/A;0;0
566;Maiores artilheiros no 2º tempo;Especiais;Artilheiros;664000000000;gols_tempo;N/A;0;0
567;Maiores artilheiros no 1º tempo do Século XX;Especiais;Artilheiros;663020000000;gols_tempo;N/A;0;0
568;Maiores artilheiros no 1º tempo do Século XXI;Especiais;Artilheiros;663021000000;gols_tempo;N/A;0;0
569;Maiores artilheiros no 2º tempo do Século XX;Especiais;Artilheiros;664020000000;gols_tempo;N/A;0;0
570;Maiores artilheiros no 2º tempo do Século XXI;Especiais;Artilheiros;664021000000;gols_tempo;N/A;0;0
272;Assistências;Especiais;Assistencia;290000000;mostra_ranking;N/A;0;0
273;Participações diretas em gols;Especiais;Assistencia;291210000;mostra_ranking;N/A;0;0
274;Assistências por ano;Especiais;Assistencia;290206000000;consulta_ranking;mostra_rkg;0;0
275;Participações diretas em gols por ano;Especiais;Assistencia;291216000000;consulta_ranking;mostra_rkg;0;0
276;Assistências contra adversário;Especiais;Assistencia;290100000000;consulta_ranking;mostra_rkg;0;0
277;Assistências em campeonato;Especiais;Assistencia;290103000000;consulta_ranking;mostra_rkg;0;0
278;Participações diretas em gols contra adversário;Especiais;Assistencia;291100000000;consulta_ranking;mostra_rkg;0;0
279;Participações diretas em gols em campeonato;Especiais;Assistencia;291103000000;consulta_ranking;mostra_rkg;0;0
280;Lista de Assistências;Especiais;Assistencia;570570000;consulta_jogador;mostra_gols_assist;0;0
281;Lista de Gols;Especiais;Assistencia;571571000;consulta_jogador;mostra_gols_assist;0;0
282;Melhores Duplas;Especiais;Assistencia;292220000;mostra_ranking;N/A;0;0
283;Penaltis e faltas por sofridos;Especiais;Assistencia;293000000;mostra_ranking;N/A;0;0
284;Penaltis e faltas por sofridos por ano;Especiais;Assistencia;293206000000;consulta_ranking;mostra_rkg;0;0
285;Penaltis e faltas por sofridos contra adversário;Especiais;Assistencia;293100000000;consulta_ranking;mostra_rkg;0;0
286;Penaltis e faltas por sofridos em campeonato;Especiais;Assistencia;293103000000;consulta_ranking;mostra_rkg;0;0
287;Mais participações em gols em 1 jogo;Especiais;Assistencia;291208000000;partgolsjogo;N/A;0;0
289;Mais vezes entraram em campo;Especiais;Presença;800000000000;mostra_ranking;N/A;0;0
290;Mais jogos contra adversário;Especiais;Presença;800100000000;consulta_ranking;mostra_rkg;0;0
291;Mais jogos em estádio;Especiais;Presença;800102000000;consulta_ranking;mostra_rkg;0;0
292;Mais jogos em campeonato;Especiais;Presença;800103000000;consulta_ranking;mostra_rkg;0;0
293;Quem mais atuou no elenco atual;Especiais;Presença;801000000000;mostra_ranking;N/A;0;0
294;Mais jogos contra adversário em campeonato;Especiais;Presença;800100103000;consulta_ranking;mostra_rkg;0;0
295;Elenco de jogadores por ano;Especiais;Presença;801106000000;consulta_ranking;mostra_rkg;0;0
296;Número de jogos por ano;Especiais;Presença;805106000000;consulta_ranking;mostra_rkg;0;0
297;Estrangeiros que mais atuaram;Especiais;Presença;800800000000;mostra_ranking;N/A;0;0
298;Mais jogos em estádio em campeonato;Especiais;Presença;102103800;consulta_especial;jogestcamp;0;0
299;Mais jogou no século;Especiais;Presença;800900000000;mostra_ranking;N/A;0;0
300;Jogadores com mais participações em campeonatos;Especiais;Presença;897104104000;generico_campeonato;mostra_rkg;0;0
302;Gols sofridos nos estádios;Especiais;Jogador;270000102;consulta_goleiro;mostra_goleiro_gols;0;0
303;Gols sofridos por adversário;Especiais;Jogador;270000100;consulta_goleiro;mostra_goleiro_gols;0;0
304;Gols sofridos em campeonato;Especiais;Jogador;270000103;consulta_goleiro;mostra_goleiro_gols;0;0
305;Gols sofridos por ano;Especiais;Jogador;270000106;consulta_goleiro;mostra_goleiro_gols;0;0
306;Goleiros com mais jogos;Especiais;Jogador;800805000000;mostra_ranking;N/A;0;0
307;Média de gols sofridos;Especiais;Jogador;270300000;media_goleiro;N/A;0;0
308;Mais jogos sem sofrer gols;Especiais;Jogador;462000000;goleiro_gols;N/A;0;0
309;Mais defendeu penalties;Especiais;Jogador;888000000;defesa_penalti;N/A;0;0
310;Penalty - melhores médias;Especiais;Jogador;889000000;defesa_penalti;N/A;0;0
312;Jogador x Adversário;Especiais;Jogador;104100000;consulta_especial;mostra_especial;0;0
313;Jogador x Estádio;Especiais;Jogador;104102000;consulta_especial;mostra_especial;0;0
314;Jogador x Árbitro;Especiais;Jogador;104101000;consulta_especial;mostra_especial;0;0
315;Jogador em campeonato;Especiais;Jogador;104103000;consulta_especial;mostra_especial;0;0
316;Jogador x Jogador;Especiais;Jogador;104104000;consulta_especial;mostra_especial;0;0
317;Jogador x Técnico;Especiais;Jogador;104105000;consulta_especial;mostra_especial;0;0
318;Jogadores em campeonato - estádio;Especiais;Jogador;104103102;consulta_especial;mostra_especial;0;0
319;Jogador e técnico;Especiais;Jogador;NAO;consulta_tecjog;mostra_tecjog;0;0
321;Jogadores com mais títulos;Especiais;Jogador;803000000000;mostra_ranking;N/A;0;0
322;Seleção;Especiais;Jogador;804000000000;mostra_ranking;N/A;0;0
323;Aniversariantes do dia;Especiais;Jogador;654106000;consulta_jogo;mostra_especial_jogo;0;0
324;Lista de jogador por nacionalidade;Especiais;Jogador;104395000;lista_pais;mostra_pais;0;0
325;Todos os jogos de jogador;Especiais;Jogador;104999000;consulta_jogador;mostra_todos_jogador;0;0
326;Quem levou mais cartões - Média de cartões;Especiais;Jogador;104750000;mostra_media_cartao;N/A;0;0
327;Jogadores em disputa de penalti;Especiais;Jogador;672240000000;jogador_batedor;mostra_batedores;0;0
328;Consulta jogador em determinado tempo;Especiais;Jogador;104528000;consulta_tempo;mostra_tempodet;0;0
329;Jogadores mais novos;Especiais;Jogador;651000000000;idades;N/A;0;0
330;Jogadores mais velhos;Especiais;Jogador;652000000000;idades;N/A;0;0
331;Jogos de jogador com amarelo;Especiais;Jogador;670240000000;jogador_cartao;mostra_cartao_jogador;0;0
332;Jogos de jogador com vermelho;Especiais;Jogador;671240000000;jogador_cartao;mostra_cartao_jogador;0;0
333;Jogadores mais novos do Século XX;Especiais;Jogador;651020000000;idades;N/A;0;0
334;Jogadores mais novos do Século XXI;Especiais;Jogador;651021000000;idades;N/A;0;0
335;Jogadores mais velhos do Século XX;Especiais;Jogador;652020000000;idades;N/A;0;0
336;Jogadores mais velhos do Século XXI;Especiais;Jogador;652021000000;idades;N/A;0;0
338;Jogadores com mais vitórias;Especiais;Jogador;812000000000;mostra_ranking;N/A;0;0
339;Jogadores com mais empates;Especiais;Jogador;813000000000;mostra_ranking;N/A;0;0
340;Jogadores com mais derrotas;Especiais;Jogador;814000000000;mostra_ranking;N/A;0;0
341;Jogadores com mais vitórias no século;Especiais;Jogador;812900000000;mostra_ranking;N/A;0;0
342;Jogadores com mais empates no século;Especiais;Jogador;813900000000;mostra_ranking;N/A;0;0
343;Jogadores com mais derrotas no século;Especiais;Jogador;814900000000;mostra_ranking;N/A;0;0
344;Jogadores com mais vitórias oficiais;Especiais;Jogador;812700000000;mostra_ranking;N/A;0;0
345;Jogadores com mais empates oficiais;Especiais;Jogador;813700000000;mostra_ranking;N/A;0;0
346;Jogadores com mais derrotas oficiais;Especiais;Jogador;814700000000;mostra_ranking;N/A;0;0
347;Estatística por posição;Especiais;Jogador;675000000000;estat_posicao;N/A;0;0
348;36 maiores ídolos;Especiais;Jogador;482000000000;melhores_jogadores;N/A;0;0
349;Maiores ídolos a partir de 1980;Especiais;Jogador;NAO;N/A;N/A;0;0
351;Técnico x Árbitro;Especiais;Tecnico;105101000;consulta_especial;mostra_especial;0;0
352;Técnico x Estádio;Especiais;Tecnico;105102000;consulta_especial;mostra_especial;0;0
353;Técnico em campeonato;Especiais;Tecnico;105103000;consulta_especial;mostra_especial;0;0
354;Técnico x Adversário;Especiais;Tecnico;105100000;consulta_especial;mostra_especial;0;0
355;Técnico x Jogador;Especiais;Tecnico;105104000;consulta_especial;mostra_especial;0;0
356;Todos os jogos de técnico;Especiais;Tecnico;105999000;generico_tecnico;mostra_todos_tecnico;0;0
357;Quem mais treinou;Especiais;Tecnico;867000000000;mostra_ranking;N/A;0;0
358;Quem mais treinou em campeonato;Especiais;Tecnico;867103000000;generico_campeonato;mostra_rkg;0;0
359;Técnicos com mais participações em campeonato;Especiais;Tecnico;867103103000;generico_campeonato;mostra_rkg;0;0
360;Técnicos com melhor aproveitamento em campeonato;Especiais;Tecnico;867103143000;generico_campeonato;mostra_rkg;0;0
361;Técnicos por ano;Especiais;Tecnico;105452000;consulta_especial;mostra_especial;0;0
362;Quem mais atuou com técnico;Especiais;Tecnico;105687000;generico_tecnico;mostra_tecnico_atuacao;0;0
363;Consulta técnicos por passagem;Especiais;Tecnico;105875000;generico_tecnico;mostra_passagem;0;0
364;Quem teve mais passagens como técnico;Especiais;Tecnico;868000000000;mostra_ranking;N/A;0;0
365;Melhor aproveitamento entre todos os técnicos;Especiais;Tecnico;NAO;mostra_aproveitamento;N/A;0;0
366;Artilharia com o técnico;Especiais;Tecnico;900834000;generico_tecnico;mostra_art_tecnico;0;0
367;Artilharia em passagem com o técnico;Especiais;Tecnico;900837000;generico_tecnico;mostra_art_tecnico;0;0
368;Consulta técnico em tempo determinado;Especiais;Tecnico;105528000;consulta_tempo;mostra_tempodet;0;0
369;Técnico x Técnicos adversários;Especiais;Tecnico;105390000;consulta_especial;mostra_especial;0;0
547;Trabalhos mais longevos;Especiais;Tecnico;105490000;trabalhos_longos;N/A;0;0
548;Trabalhos mais longevos do século XX;Especiais;Tecnico;105491000;trabalhos_longos;N/A;0;0
549;Trabalhos mais longevos do século XXI;Especiais;Tecnico;105492000;trabalhos_longos;N/A;0;0
559;Saldo de placar com técnico;Especiais;Tecnico;900840000;generico_tecnico;saldo_placar_tec;0;0
564;Timeline de Técnicos;Especiais;Tecnico;105630000;timeline_tec;N/A;0;0
371;Frequência de Placares;Especiais;Frequencia;600000000;mostra_frequencia;N/A;0;0
372;Frequência de Placares por ano;Especiais;Frequencia;600106000;generico_ano;frequencia_ano;0;0
373;Frequência de Placares contra adversário;Especiais;Frequencia;600100000;generico_adversario;frequencia_adversario;0;0
374;Frequência de Placares em estádio;Especiais;Frequencia;600102000;generico_estadio;frequencia_estadio;0;0
375;Frequência de Placares em campeonato;Especiais;Frequencia;600103000;generico_campeonato;frequencia_campeonato;0;0
376;Frequência de Placares contra adversário em campeonato;Especiais;Frequencia;600100103;generico_especial;frequencia_advcamp;0;0
377;Goleadas;Especiais;Gols;610000000;mostra_goleada;N/A;0;0
378;Goleadas em jogos oficiais;Especiais;Gols;611000000;mostra_goleada;N/A;0;0
379;Goleadas em adversários;Especiais;Gols;610100000;generico_adversario;mostra_goleada_adv;0;0
380;Goleadas em Brasileiros;Especiais;Gols;612000000;mostra_goleada;N/A;0;0
381;Goleadas por ano;Especiais;Gols;610106000;generico_ano;mostra_goleada2;0;0
382;Goleadas em clássico;Especiais;Gols;613000000;mostra_goleada;N/A;0;0
383;Frequência de Placares contra adversário mandante/visitante;Especiais;Frequencia;600438000;generico_especial;frequencia_adversario;0;0
384;Frequência de Placares em estádio em campeonato;Especiais;Frequencia;600102103;generico_especial;frequencia_estcamp;0;0
385;Frequência de Placares contra adversário em estádio;Especiais;Frequencia;600100102;generico_especial;frequencia_advest;0;0
386;Consulta Placar;Especiais;Resultado;620000000;consulta_placar;mostra_placar;0;0
387;Consulta Placar contra adversário;Especiais;Resultado;620100000;consulta_placar;mostra_placar;0;0
388;Consulta Placar em estádio;Especiais;Resultado;620102000;consulta_placar;mostra_placar;0;0
389;Consulta Placar em campeonato;Especiais;Resultado;620103000;consulta_placar;mostra_placar;0;0
390;Gols em jogos por ano;Especiais;Gols;639000000;jogos_gols;N/A;0;0
391;Detalhamento de gols;Especiais;Gols;652000000;detalhamento_gols;mostra_detalhe_gols;0;0
563;Saldo de placar por ano;Especiais;Resultado;915108000;generico_ano;saldo_placar;0;0
393;Estatísticas por tipo de gol;Especiais;Gols;653000000;detalhamento_gols;mostra_detalhe_gols;0;0
551;Tempo que faz/leva qtd gols;Especiais;Gols;654000000;mostra_goltempo;N/A;0;0
395;Marcas históricas atuais;Especiais;Geral;NAO;marcas_historicas;N/A;0;0
396;Maiores Públicos;Especiais;Publico;NAO;maiores_publicos;N/A;0;0
397;Maiores Públicos contra adversário;Especiais;Publico;680100000;generico_adversario;html;0;0
398;Maiores Públicos em campeonato;Especiais;Publico;680103000;consulta_placar;maiores_publicos2;0;0
399;Maiores Públicos em estádio;Especiais;Publico;680102000;consulta_placar;maiores_publicos2;0;0
400;Ano a ano;Especiais;Geral;10610600;generico_ano;mostra_especial_jogo;0;0
401;Menores públicos;Especiais;Publico;NAO;menores_publicos;N/A;0;0
402;Menores Públicos em estádio;Especiais;Publico;681102000;consulta_placar;maiores_publicos2;0;0
403;Públicos por ano como mandante;Especiais;Publico;68510600;generico_ano;publico_ano;0;0
404;Estatísticas gerais por data;Especiais;Geral;692000000;estatistica_data;mostra_estatistica;0;0
405;Estatísticas gerais por ano;Especiais;Geral;69310600;generico_ano;mostra_estatistica;0;0
406;Time Base;Especiais;Geral;69410600;generico_ano;time_base;0;0
407;Média de público em campeonato;Especiais;Publico;689103000;consulta_placar;media_publico;0;0
408;Média de público por período em campeonato;Especiais;Publico;694000000;consulta_placar;periodo_publico;0;0
409;Maior/Menor média de público em campeonato;Especiais;Publico;689107000;consulta_placar;media_publico;0;0
410;Média de público por adversário em estádio;Especiais;Publico;689100102;consulta_placar;media_publico;0;0
411;Média de público por adversário;Especiais;Publico;689100000;consulta_placar;media_publico;0;0
412;Média de público em estádio;Especiais;Publico;689102000;consulta_placar;media_publico;0;0
413;Cartões por ano;Especiais;Geral;842106000;generico_ano;cartao_ano;0;0
414;Números por ano;Especiais;Geral;843106000;generico_ano;gols_ano;0;0
415;Disputa de Penalty;Especiais;Geral;NAO;disputa_penalty;N/A;0;0
416;Finais em campeonato;Especiais;Campeonato;NAO;mostra_finais;N/A;0;0
417;Gols por minuto;Especiais;Gols;842108000;generico_ano;mostra_gols_minuto;0;0
418;Jogos sem estádio;Especiais;Estadio;102000000;sem_informacao;N/A;0;0
419;Jogos sem árbitro;Especiais;Arbitro;101000000;sem_informacao;N/A;0;0
420;Jogos sem jogador;Especiais;Jogador;104000000;sem_informacao;N/A;0;0
421;Jogos sem renda;Especiais;Geral;168000000;sem_informacao;N/A;0;0
422;Jogos sem público;Especiais;Publico;167000000;sem_informacao;N/A;0;0
423;Estatísticas por décadas;Especiais;Geral;179000000;estat_decadas;mostra_decada;0;0
424;Estatísticas por período;Especiais;Geral;183000000;estat_periodo;mostra_decada;0;0
425;Estatísticas por temporada;Especiais;Geral;451000000;numero_temporada;mostra_temporada;0;0
426;Consulta gol Número:;Especiais;Gols;342000000;quantidade_gols;cronologia_gols;0;0
427;Cronologia dos gols;Especiais;Gols;343000000;ordem_gols;cronologia_gols;0;0
428;Jogos Eliminatórios;Especiais;Jogo;344000000;duelo_eliminatorio;N/A;0;0
429;Jogos Eliminatórios por adversário;Especiais;Jogo;348000000;duelo_eliminatorio_adv;mostra_duelo_esp;0;0
430;Jogos Eliminatórios em campeonato;Especiais;Jogo;349000000;duelo_eliminatorio_adv;mostra_duelo_esp;0;0
431;Jogos Eliminatórios em estádio;Especiais;Jogo;342000000;duelo_eliminatorio_adv;mostra_duelo_arbest;0;0
432;Jogos Eliminatórios com árbitro;Especiais;Jogo;343000000;duelo_eliminatorio_adv;mostra_duelo_arbest;0;0
433;Penaltis por ano;Especiais;Geral;363000000;penalti_ano;mostra_penalti_ano;0;0
434;Maiores públicos por adversário em estádio;Especiais;Publico;100102492;consulta_especial;mostra_pubadvest;0;0
435;Média de Público por ano;Especiais;Publico;643106000;generico_ano;publico_ano2;0;0
436;Distância Percorrida por ano;Especiais;Geral;482106000;generico_ano;distancia_ano;0;0
437;Ranking de distâncias percorridas por ano;Especiais;Geral;NAO;ranking_distancia;N/A;0;0
438;Jogos Eliminatórios por Saldo do 1º jogo;Especiais;Jogo;344000000;duelo_eliminatorio_saldo;N/A;0;0
550;Média de público em campeonato - estádio;Especiais;Publico;689103102;consulta_placar;media_publico;0;0
552;Gols mais rápidos;Especiais;Gols;273000000;gols_rapidos;N/A;0;0
553;Gols mais rápidos em jogos oficiais;Especiais;Gols;274000000;gols_rapidos;N/A;0;0
560;Jogos Eliminatórios por país;Especiais;Jogo;350000000;duelo_eliminatorio_adv;mostra_duelo_esp;0;0
440;Clássicos Regionais;Especiais;Adversario;NAO;mostra_classico;N/A;0;0
441;Clássicos Regionais em campeonato;Especiais;Adversario;534103000;generico_campeonato;mostra_classico_esp;0;0
442;Clássicos Regionais em estádio;Especiais;Adversario;534102000;generico_estadio;mostra_classico_esp;0;0
443;Clássicos Regionais por ano;Especiais;Adversario;534106000;generico_ano;mostra_classico_esp;0;0
444;Clássicos Regionais por período;Especiais;Adversario;533126000;generico_ano;mostra_classico_esp;0;0
445;Últimos jogos - Clássicos Regionais;Especiais;Adversario;534000000;consulta_jogo;mostra_especial_jogo;0;0
446;Árbitros em clássicos;Especiais;Adversario;533101000;generico_arbitro;mostra_classico_esp;0;0
447;Maiores públicos em clássicos;Especiais;Publico;NAO;maiores_publicos_classicos;N/A;0;0
448;Sequências em clássicos;Especiais;Sequencia;50034500000;mostra_sequencia;N/A;0;0
449;Jogadores em clássicos;Especiais;Adversario;533104000;generico_jogador;mostra_classico_esp;0;0
450;Técnicos em clássicos;Especiais;Adversario;533105000;generico_tecnico;mostra_classico_esp;0;0
451;Frequência de placar em clássicos;Especiais;Frequencia;533000000;mostra_frequencia;N/A;0;0
452;Média de públicos em clássicos;Especiais;Publico;NAO;media_publicos_classicos;N/A;0;0
453;Média de públicos em clássicos em estádios;Especiais;Publico;535102000;generico_estadio;media_publico;0;0
455;Presidente;Especiais;Presidente;130000000;consulta_presidente;mostra_presidente;0;0
456;Presidente ano a ano;Especiais;Presidente;130106000;consulta_presidente;mostra_presidente;0;0
457;Presidente x adversário;Especiais;Presidente;130100000;consulta_presidente;mostra_presidente;0;0
458;Presidente x estádio;Especiais;Presidente;130102000;consulta_presidente;mostra_presidente;0;0
459;Presidente em campeonato;Especiais;Presidente;130103000;consulta_presidente;mostra_presidente;0;0
460;Presidente e técnico;Especiais;Presidente;130105000;consulta_presidente;mostra_presidente;0;0
461;Presidente e jogador;Especiais;Presidente;130104000;consulta_presidente;mostra_presidente;0;0
462;Ranking de Presidentes;Especiais;Presidente;130000000;mostra_rankingpres;N/A;0;0
463;Presidente em clássicos;Especiais;Presidente;130140000;consulta_presidente;mostra_presidente;0;0
465;Sequências;Especiais;Sequencia;500000000;mostra_sequencia;N/A;0;0
466;Sequências por ano;Especiais;Sequencia;500106000;generico_ano;mostra_sequencia2;0;0
467;Sequências contra adversário;Especiais;Sequencia;500100000;generico_adversario;mostra_sequencia2;0;0
468;Sequências contra adversário em campeonato;Especiais;Sequencia;500100103;generico_especial;mostra_sequencia2;0;0
469;Sequências em campeonato;Especiais;Sequencia;500103000;generico_campeonato;mostra_sequencia2;0;0
470;Sequências em estádio;Especiais;Sequencia;500102000;generico_estadio;mostra_sequencia2;0;0
471;Sequências de técnico;Especiais;Sequencia;500105000;generico_tecnico;mostra_sequencia2;0;0
472;Sequências por jogadores;Especiais;Sequencia;500104000;generico_jogador;mostra_sequencia2;0;0
473;Sequências entre todos os técnicos;Especiais;Sequencia;500815000;mostra_sequencia;N/A;0;0
474;Sequências um Único campeonato;Especiais;Sequencia;500303000;generico_campeonato;mostra_sequencia2;0;0
475;Sequências oficiais;Especiais;Sequencia;500387000;mostra_sequencia;N/A;0;0
476;Melhores inícios de campeonato;Especiais;Sequencia;500344000;generico_campeonato;mostra_sequencia2;0;0
477;Sequência de gols marcados;Especiais;Sequencia;500388000;mostra_sequencia_gols;N/A;0;0
478;Sequência de gols sofridos;Especiais;Sequencia;500389000;mostra_sequencia_gols;N/A;0;0
479;Sequência de gols por jogador;Especiais;Sequencia;501000000;generico_jogador;mostra_sequencia2;0;0
480;Sequência invicta de goleiros;Especiais;Sequencia;508000000;consulta_goleiro;mostra_goleiro;0;0
481;Sequência invicta de goleiros em clássicos;Especiais;Sequencia;508534000;consulta_goleiro;mostra_goleiro;0;0
482;Maiores sequências invictas de goleiros;Especiais;Sequencia;509000000;mostra_goleiro2;N/A;0;0
483;Maiores sequências invictas de goleiros em clássicos;Especiais;Sequencia;509534000;mostra_goleiro2;N/A;0;0
484;Últimas sequência por quantidade;Especiais;Sequencia;500487000;sequencia_qtd;mostra_sequencia_qtd;0;0
485;Últimas sequência por quantidade em jogos oficiais;Especiais;Sequencia;500497000;sequencia_qtd;mostra_sequencia_qtd;0;0
486;Sequência seguida de gols;Especiais;Sequencia;500797000;sequencia_gols;N/A;0;0
556;Últimas seq exata de jogos com gols por qtd;Especiais;Sequencia;500488388;sequencia_qtd;mostra_sequencia_gols_qtd;0;0
557;Últimas seq exata de jogos com gols por qtd em jogos oficiais;Especiais;Sequencia;500498388;sequencia_qtd;mostra_sequencia_gols_qtd;0;0
571;Sequências como mandante;Especiais;Sequencia;500000300;mostra_sequencia;N/A;0;0
572;Sequências como visitante;Especiais;Sequencia;500000400;mostra_sequencia;N/A;0;0
573;Sequências em estádio como mandante;Especiais;Sequencia;500102300;generico_estadio;mostra_sequencia2;0;0
574;Sequências em estádio como visitante;Especiais;Sequencia;500102400;generico_estadio;mostra_sequencia2;0;0
575;Sequências em campeonato como mandante;Especiais;Sequencia;500103300;generico_campeonato;mostra_sequencia2;0;0
576;Sequências em campeonato como visitante;Especiais;Sequencia;500103400;generico_campeonato;mostra_sequencia2;0;0
577;Sequências em estádio em campeonato;Especiais;Sequencia;500102103;generico_especial;mostra_sequencia2;0;0
578;Últimas sequência por quantidade em jogos oficiais mandante;Especiais;Sequencia;500497300;sequencia_qtd;mostra_sequencia_qtd;0;0
579;Últimas sequência por quantidade em jogos oficiais visitante;Especiais;Sequencia;500497400;sequencia_qtd;mostra_sequencia_qtd;0;0
488;Jogos em dd/mm;Especiais;Jogo;654000000;consulta_jogo;mostra_especial_jogo;0;0
489;Jogos em mes/ano;Especiais;Jogo;655000000;consulta_jogo;mostra_especial_jogo;0;0
490;Consulta jogo número:;Especiais;Jogo;656000000;consulta_jogo;mostra_especial_jogo;0;0
491;Consulta jogo número contra adversário:;Especiais;Jogo;659000000;consulta_jogo;mostra_especial_jogo;0;0
492;Últimos jogos;Especiais;Jogo;658000000;consulta_jogo;mostra_especial_jogo;0;0
493;Dia da semana;Especiais;Jogo;660000000;consulta_jogo;mostra_especial_jogo;0;0
494;Dia da semana por ano;Especiais;Jogo;660106000;consulta_jogo;mostra_especial_jogo;0;0
495;Dia da semana - adversário;Especiais;Jogo;660100000;consulta_jogo;mostra_especial_jogo;0;0
496;Dia da semana em campeonato;Especiais;Jogo;660103000;consulta_jogo;mostra_especial_jogo;0;0
497;Dia da semana - estádio;Especiais;Jogo;660102000;consulta_jogo;mostra_especial_jogo;0;0
498;Dia da semana - clássicos;Especiais;Jogo;660190000;consulta_jogo;mostra_especial_jogo;0;0
499;Jogos em hh:mm;Especiais;Jogo;661192000;consulta_horario;mostra_especial_jogo;0;0
500;Últimos jogos como mandante;Especiais;Jogo;658700000;consulta_jogo;mostra_especial_jogo;0;0
501;Últimos jogos como visitante;Especiais;Jogo;658701000;consulta_jogo;mostra_especial_jogo;0;0
502;Jogos inesquecíveis;Especiais;Jogo;515000000;consulta_importante;mostra_jogo;0;0
554;Próximos Jogos;Especiais;Jogo;NAO;proximos_jogos;N/A;0;0
555;Avaliação das previsões;Especiais;Jogo;NAO;avaliacao;N/A;0;0
558;Evolução de gols por ano;Especiais;Jogo;663000000;generico_ano;evolucao_gols;0;0
504;Ranking de posições;Especiais;Brasileiro;NAO;ranking_posicao;N/A;0;0
505;Posições por ano;Especiais;Brasileiro;821000000;generico_ano;posicao_ano;0;0
506;Posições por período;Especiais;Brasileiro;822000000;generico_ano;posicao_periodo;0;0
507;Posições por rodada;Especiais;Brasileiro;816000000;consulta_rodada;posicao_rodada;0;0
508;Rodadas 1º/G4/G6/Z4;Especiais;Brasileiro;NAO;rodada_grupos;N/A;0;0
509;Ranking de Campanhas;Especiais;Brasileiro;NAO;pontos_campeonato;N/A;0;0
510;Campanha nos turnos;Especiais;Brasileiro;NAO;consulta_turno;mostra_turno;0;0
511;Ranking de turnos;Especiais;Brasileiro;NAO;ranking_turno;N/A;0;0
512;Maiores artilheiros nos turnos;Especiais;Brasileiro;NAO;artilheiro_turno;N/A;0;0
513;Mais jogos nos turnos;Especiais;Brasileiro;NAO;presenca_turno;N/A;0;0
514;Números consolidados nos turnos;Especiais;Brasileiro;NAO;consolida_turno;N/A;0;0
515;Adversários nos turnos;Especiais;Brasileiro;100998000;consulta_especial;adversario_turno;0;0
516;Pontos por rodada;Especiais;Brasileiro;616000000;consulta_rodada;posicao_rodada;0;0
517;Pontos por turno;Especiais;Brasileiro;638000000;generico_ano;posicao_ano;0;0
519;Técnico Adversário;Especiais;Tecadv;113000000;consulta_tecadv;mostra_tecadv;0;0
520;Ranking Técnico Adversário;Especiais;Tecadv;114000000;ranking_tecadv;N/A;0;0
521;Ranking Técnico Adversário em jogos oficiais;Especiais;Tecadv;117000000;ranking_tecadv;N/A;0;0
522;Ranking Técnico Adversário - Aproveitamento;Especiais;Tecadv;115000000;ranking_aprtecadv;N/A;0;0
523;Curiosidades técnico adversário;Especiais;Tecadv;116000000;curiosidades_tecadv;N/A;0;0
524;Adversário x Técnico Adversário;Especiais;Tecadv;100639000;consulta_especial;adversario_tecadv;0;0
525;Ranking Técnico Adversário Século XXI;Especiais;Tecadv;124000000;ranking_tecadv;N/A;0;0
526;Ranking Técnico Adversário Século XX;Especiais;Tecadv;134000000;ranking_tecadv;N/A;0;0
527;Ranking Técnico Adversário em jogos oficiais Sec XXI;Especiais;Tecadv;127000000;ranking_tecadv;N/A;0;0
528;Ranking Técnico Adversário em jogos oficiais Sec XX;Especiais;Tecadv;137000000;ranking_tecadv;N/A;0;0
529;Ranking Técnico Adversário - Aproveitamento - Sec XXI;Especiais;Tecadv;125000000;ranking_aprtecadv;N/A;0;0
530;Ranking Técnico Adversário - Aproveitamento - Sec XX;Especiais;Tecadv;135000000;ranking_aprtecadv;N/A;0;0
532;Números mais utilizados;Especiais;Numeracao;NAO;mostra_numeracao;N/A;0;0
533;Números com mais jogos;Especiais;Numeracao;NAO;mostra_numeracao_jogos;N/A;0;0
534;Números com mais gols;Especiais;Numeracao;NAO;mostra_numeracao_gols;N/A;0;0
536;Minutagem no ano;Especiais;Jogador;296306000000;consulta_ranking;mostra_minutagem;0;0
537;Minutagem por passagem de técnico;Especiais;Jogador;296875000000;generico_tecnico;mostra_minutagem;0;0
538;Minutagem em campeonato;Especiais;Jogador;296103000000;consulta_ranking;mostra_minutagem;0;0
539;Mais Substituídos;Especiais;Jogador;NAO;mostra_substituidos;N/A;0;0
540;Mais Substituídos por ano;Especiais;Jogador;298106000000;consulta_ranking;mostra_substituicao;0;0
541;Mais substituídos por passagem de técnico;Especiais;Jogador;298875000000;generico_tecnico;mostra_substituicao;0;0
542;Mais substituídos em campeonato;Especiais;Jogador;298103000000;consulta_ranking;mostra_substituicao;0;0
543;12º Jogador;Especiais;Jogador;NAO;mostra_jogador12;N/A;0;0
544;12º Jogador no ano;Especiais;Jogador;299106000000;consulta_ranking;mostra_substituicao;0;0
545;12º Jogador por passagem de técnico;Especiais;Jogador;299875000000;generico_tecnico;mostra_substituicao;0;0
546;12º Jogador em campeonato;Especiais;Jogador;299103000000;consulta_ranking;mostra_substituicao;0;0
580;Mais fez gols de falta;Especiais;Jogador;665000000000;generico_gols;detalhamento_gols;0;0
581;Mais fez gols de falta no século;Especiais;Jogador;665250000000;generico_gols;detalhamento_gols;0;0
582;Mais fez gols de falta no período;Especiais;Jogador;665260000000;generico_gols;detalhamento_gols;0;0
583;Artilheiros vindo do banco;Especiais;Jogador;900920000000;mostra_ranking;N/A;0;0
584;Artilheiros como titular;Especiais;Jogador;900930000000;mostra_ranking;N/A;0;0
585;Artilheiros em tempo determinado;Especiais;Jogador;900528000;consulta_tempodet;mostra_ranking_seculo;0;0
586;Frequencia de Placar de Técnico;Especiais;Tecnico;105000630;generico_tecnico;mostra_frequencia;0;0
587;Frequência de Placar de Técnico em Estádio;Especiais;Tecnico;105102630;consulta_especial;mostra_frequencia;0;0
588;Frequência de Placar de Técnico em campeonato;Especiais;Tecnico;105103630;consulta_especial;mostra_frequencia;0;0
589;Frequência de Placar de Técnico x Adversário;Especiais;Tecnico;105100630;consulta_especial;mostra_frequencia;0;0
590;Frequencia de Placar de Jogador;Especiais;Jogador;104000630;jogador_generico;mostra_frequencia;0;0
591;Frequencia de Placar de Jogador x Estádio;Especiais;Jogador;104100640;consulta_especial;mostra_frequencia;0;0
592;Frequencia de Placar de Jogador em campeonato;Especiais;Jogador;104102640;consulta_especial;mostra_frequencia;0;0
593;Frequência de Placar de Jogador x Adversário;Especiais;Jogador;104103640;consulta_especial;mostra_frequencia;0;0
594;Ranking de Anos;Especiais;Geral;NAO;ranking_anos;N/A;0;0
595;Comparação de Anos;Especiais;Geral;178000000;compara_ano;comparacao_anos;0;0
10000;Adversário - Link;Link;Adversario;NAO;link_adversario;N/A;0;0
10000;Arbitro - Link;Link;Arbitro;NAO;link_arbitro;N/A;0;0
10000;Assistencia - Link;Link;Assistencia;NAO;link_assist;N/A;0;0
10000;Batedor - Penalty - Link;Link;Jogador;NAO;link_batedor;N/A;0;0
10000;Camisa - Link;Link;Camisa;NAO;link_camisa;N/A;0;0
10000;Campeonato - Link;Link;Campeonato;NAO;link_campeonato;N/A;0;0
10000;Detalhamento de gols - Link;Link;Gols;NAO;link_detgol;N/A;0;0
10000;Estadio - Link;Link;Estádio;NAO;link_estadio;N/A;0;0
10000;Gols - Link;Link;Gols;NAO;link_gol;N/A;0;0
10000;Gols - Link;Link;Gols;NAO;link_gols;N/A;0;0
10000;Jogador - Link;Link;Jogador;NAO;link_jogador;N/A;0;0
10000;Jogador Cartão - Link;Link;Jogador;NAO;link_jogador_cartao;N/A;0;0
10000;Jogo - Link;Link;Jogo;NAO;link_jogo;N/A;0;0
10000;Mascote - Link;Link;Adversario;NAO;link_mascote;N/A;0;0
10000;Numeracao - Link;Link;Numeracao;NAO;link_numero_jogador;N/A;0;0
10000;Penalti Ano - Link;Link;Gols;NAO;link_penalti_ano;N/A;0;0
10000;Tecnico Adversario - Link;Link;Tecadv;NAO;link_tecadv;N/A;0;0
10000;Tecnico - Link;Link;Tecnico;NAO;link_tecnico;N/A;0;0
10000;Tecnico Adversario - Link;Link;Tecadv;NAO;link_tecnicoadv;N/A;0;0
10000;Geral - Link;Link;Geral;NAO;link_todos;N/A;0;0
10000;Brasileiro - Link;Link;Brasileiro;NAO;link_turno;N/A;0;0
10000;Jogo - Link;Link;Jogo;NAO;link_video;N/A;0;0
